{
    "transform": [
        [
            0.9996122121810913,
            0.027821697294712067,
            0.001178540289402008,
            -0.04028984159231186
        ],
        [
            0.001178540289402008,
            -0.0845528095960617,
            0.996418297290802,
            -0.025925591588020325
        ],
        [
            0.027821697294712067,
            -0.9960305094718933,
            -0.0845528095960617,
            0.0028138235211372375
        ]
    ],
    "scale": 0.20284139204300353
}